{
    "host": "gtirouter.dsic.upv.es",
    "manager": "manager_mfabgom",
    "manager_password": "secret",
    "service": "service_mfabgom",
    "service_password": "secret",
    "axis": [
		{
            "rank": "ctfcommander.CTFCommander",
            "name": "commander_pryme",
            "password": "secret",
            "amount": 1,
            "asl": "ctfcommander.asl"
        },
        {
            "rank": "ctfmedic.CTFMedic",
            "name": "medic_pryme",
            "password": "secret",
            "amount": 2,
            "asl": "ctfmedic.asl"
        },
        {
            "rank": "ctffieldop.CTFFieldOp",
            "name": "fieldop_pryme",
            "password": "secret",
            "amount": 3,
            "asl": "ctfguard.asl"
        },
        {
            "rank": "ctfsoldier.CTFSoldier",
            "name": "soldier_pryme",
            "password": "secret",
            "amount": 4,
            "asl": "ctfguard.asl"
        }
    ],
     "allied": [
        {
            "rank": "BDISoldier",
            "name": "fighter_mfabgom",
            "password": "secret",
            "amount": 10,
            "asl": "ctf_fighter.asl"
        }
    ]
}
